conversation_id_str,created_at,favorite_count,full_text,id_str,image_url,in_reply_to_screen_name,lang,location,quote_count,reply_count,retweet_count,tweet_url,user_id_str,username
1698825815230947789,2023-09-04T22:30:11.000Z,0,Satuan Polisi Pamong Praja Provinsi Lampung mengikuti Rapat Dalam Rangka Tagging Indikator Kinerja Utama Pemerintah Provinsi Lampung yang dilaksanakan di Bappeda Provinsi Lampung. (04/09/2023) https://t.co/ggc3Y9isSj,1698825815230947789,https://pbs.twimg.com/media/F5NxEfCbIAAMzE8.jpg,,in,,0,1,0,https://x.com/prajawibawalam1/status/1698825815230947789,1486915145787850752,prajawibawalam1
1698587131659288888,2023-09-04T17:00:37.000Z,0,@chintya43182014 @kegblgnunfaedh Udah dilaporkan ke jalur hukum kekapolsek oleh persatuan pecinta kucing di padang. Smoga kasusnya cepat diproses oleh kepolisian sana. Kinerja kepolisian disana rada lelet soalnya. Smoga bs ditanggapi serius oleh polisi krn kasus ini udah viral,1698742875880919512,,chintya43182014,in,,0,1,0,https://x.com/Survive3Zombie/status/1698742875880919512,1505977481509371909,Survive3Zombie
1698199984959787273,2023-09-03T06:41:01.000Z,0,"@aLwyRBG1698888 @rezaimamri @kanghelmi @ohdaishyy SAYA SAMA SEKALI TIDAK MEMBENARKAN KERUSUHAN! Cuma di belahan dunia manapun pasti ada suporter yang rusuh, yang membedakan gimana nanganin suporter yang rusuh itu, dari federasi sepakbola atau kepolisian setempat. Dan anda tahu kan gimana kinerja federasi dan polisi di sini?",1698224561106612638,,GreLwy10RbJ,in,,0,0,0,https://x.com/aldyfiqri/status/1698224561106612638,274377888,aldyfiqri
1697982607538135071,2023-09-02T14:39:35.000Z,0,"Hadiri Kegiatan Halo Polisi PMJ, Lurah Petukangan Selatan Apresiasi Kinerja Polsek Pesanggrahan https://t.co/U876SuAwfK https://t.co/KUFteOlafy",1697982607538135071,https://pbs.twimg.com/media/F5ByLtPaoAARIWo.jpg,,in,,0,0,0,https://x.com/kicaunews/status/1697982607538135071,2256875702,kicaunews
1697891906133631142,2023-09-02T08:39:10.000Z,1,"LMA Fakfak Apresiasi Kinerja Polisi Ungkap Kasus Penyerangan Distrik Kramomongga
 
https://t.co/eWMWtt1jcA lewat @tribunnews",1697891906133631142,,,in,,0,0,0,https://x.com/KABUPATENFAKFAK/status/1697891906133631142,959534287,KABUPATENFAKFAK
1697843789589794869,2023-09-02T05:27:58.000Z,0,"@DivHumas_Polri lembaga kamu kapan sih gak lucu ? yang ditangkep yang maen, influencer blablabla…… bandar, aplikasi, dan bos bosnya ketawa ngeliat kinerja lembaga negara ini hadehhhh kapan bisa dipercaya lagi sihhh kamu pak polisi  🫠🫠🫠🫠",1697843789589794869,,DivHumas_Polri,in,,0,0,0,https://x.com/memosntn/status/1697843789589794869,2235990390,memosntn
1697511214392430666,2023-09-01T07:26:26.000Z,0,"Jakarta. Sebanyak 86,1% responden menyatakan puas atas kinerja polri memberantas tindak pidana perdagangan orang (TPPO) melalui satgasus bentukan Kapolri Jenderal Polisi Drs. Listyo Sigit Prabowo. Kepuasan itu diumumkan Lembaga Survei Indonesia (LSI) atas 1.220 responden. https://t.co/hBvU3j8rUM",1697511214392430666,https://pbs.twimg.com/media/F47FdCLbgAAexNm.jpg,,in,,0,0,0,https://x.com/polsek_adimulyo/status/1697511214392430666,1596427378804129792,polsek_adimulyo
1697490462901489708,2023-09-01T06:03:58.000Z,2,"Sebagai Putri-Putri Pilihan yang dilambangkan oleh Esthi Bhakti Warapsari, Polwan dituntut agar mampu melaksanakan tugas pengabdian dalam mewujudkan tata tentram kerta raharja. Kehadiran Polwan memiliki arti dan kontribusi yang luar biasa bagi Organisasi Kepolisian karena https://t.co/NCUqXKV1nM",1697490462901489708,https://pbs.twimg.com/amplify_video_thumb/1697490389601861632/img/R1Kze7s59nK0eE_U.jpg,,in,,0,0,0,https://x.com/sumsel_polda/status/1697490462901489708,1463305353773289477,sumsel_polda
1697453632873226578,2023-09-01T03:37:37.000Z,0,"Sebagai Putri-Putri Pilihan yang dilambangkan oleh Esthi Bhakti Warapsari, Polwan dituntut agar mampu melaksanakan tugas pengabdian dalam mewujudkan tata tentram kerta raharja. Kehadiran Polwan memiliki arti dan kontribusi yang luar biasa bagi Organisasi Kepolisian karena https://t.co/FFJREa59IE",1697453632873226578,https://pbs.twimg.com/ext_tw_video_thumb/1697453303331016704/pu/img/2Pcgqx0mdxPo3qfK.jpg,,in,,0,0,0,https://x.com/PolresKepahiang/status/1697453632873226578,2148257166,PolresKepahiang
1697449369325408337,2023-09-01T03:20:41.000Z,3,"Kapolsek Barangin Iptu Joni Indra, SH melaksanakan kegiatan Juamt Curhat guna mengetahui informasi terkait Kamtibmas serta mendengarkan aspirasi masyarakat keluarahan saringan terhadap kinerja Polisi dalam memberikan pelayanan atas masalaha yang dihadapi masyarakat https://t.co/prZ1AfUmD0",1697449369325408337,https://pbs.twimg.com/media/F46NM0IaMAAA8x1.jpg,,in,,0,0,0,https://x.com/Polres_SWL/status/1697449369325408337,1262560921471217665,Polres_SWL
1697430889557573775,2023-09-01T02:07:17.000Z,0,"menjadi polisi yang lebih humanis serta dekat dengan masyarakat. 

Selamat Hari Jadi Polwan ke-75 tahun 2023.

Dengan tema ""Polri Presisi untuk Negeri Polwan Siap Mendukung Pemilu Damai menuju Indonesia Maju"", diharapkan Polwan dapat terus meningkatkan kinerja",1697430896213946620,,PolsekDlingo,in,,0,1,0,https://x.com/PolsekDlingo/status/1697430896213946620,1590218330803093505,PolsekDlingo
1697411812411773100,2023-09-01T00:51:27.000Z,134,"Sebagai Putri-Putri Pilihan yang dilambangkan oleh Esthi Bhakti Warapsari, Polwan dituntut agar mampu melaksanakan tugas pengabdian dalam mewujudkan tata tentram kerta raharja. Kehadiran Polwan memiliki arti dan kontribusi yang luar biasa bagi Organisasi Kepolisian karena https://t.co/KTE2Zik2HT",1697411812411773100,https://pbs.twimg.com/amplify_video_thumb/1697411648137633792/img/qkRcERX2SzXsmfvC.jpg,,in,,2,4,29,https://x.com/DivHumas_Polri/status/1697411812411773100,138290629,DivHumas_Polri
1699803808988311882,2023-09-07T21:55:16.000Z,1,"@DrEvaChaniago Mulai pikirkan outsourching institusi polisi kedepannya pak @FPKSDPRRI @PKSejahtera, kinerja mereka sangat tidak layak menjadi bagian dari rakyat, hampir setiap hari mereka bunuh dan bantai rakyat dimanapun. Lucuti senjata mereka. POLISI BERBAHAYA.",1699904190330646999,,DrEvaChaniago,in,,0,0,0,https://x.com/mutajir_mohamat/status/1699904190330646999,997779086926790656,mutajir_mohamat
1699413332518957156,2023-09-06T13:52:40.000Z,19,"@hipohan Receh masalah sudah di tangani kepolisian kok masih teriak², apa dia tidak menghargai kinerja polisi &amp; pengadilan?",1699420354609840489,,hipohan,in,,0,0,0,https://x.com/DewiMulky/status/1699420354609840489,1710526218,DewiMulky
1699405060034416802,2023-09-06T12:51:54.000Z,5,"Pamitan ke Jajaran Forkopimda, Ganjar: Terima Kasih Telah Ciptakan Kondusifitas di Jawa Tengah

SEMARANG - Sehari setelah resmi pensiun sebagai Gubernur Jawa Tengah, Ganjar Pranowo berpamitan dengan jajaran forum koordinasi pimpinan daerah atau forkopimda Jawa Tengah pada Rabu https://t.co/t9PqITjUvO",1699405060034416802,https://pbs.twimg.com/media/F5V_s0Ja4AE3ls2.jpg,,in,,0,0,2,https://x.com/babegini/status/1699405060034416802,226416224,babegini
1699288882435809714,2023-09-06T10:25:52.000Z,1,"@AlnilamOmar Pak @ListyoSigitP lihatlah anak buah anda.
Gimana Rakyat dan Publik mau percaya PD kinerja Polisi² tsb kalau gaya istrinya kaya Istri Raja2.
Bikin muak",1699368308431266233,,AlnilamOmar,in,,0,0,0,https://x.com/Kacaback678910/status/1699368308431266233,1111595565232459776,Kacaback678910
1698954487740911860,2023-09-05T07:01:29.000Z,0,"Cc.@CCICPolri @DivHumas_Polri @ListyoSigitP bgm nih kinerja polisi sdh jelas di video endorsenya Wulan Guritno menyatakan istilah2 judi on line, masak kagak ditangkap? Hukum di Indonesia memang masih tajam ke bawah tumpul ke atas ya pak @ListyoSigitP",1698954487740911860,,,in,,0,0,0,https://x.com/Hendry_much/status/1698954487740911860,81340285,Hendry_much
1698930977291346255,2023-09-05T05:28:04.000Z,0,Tingkatkan dulu kinerja polisi baru boleh minta tambahan...,1698930977291346255,,,in,,0,0,0,https://x.com/Ponbit5/status/1698930977291346255,1272568818724794374,Ponbit5
1698870348706644370,2023-09-05T01:27:09.000Z,15,"Jokowi: Kalau Pemimpinnya Tak Penakut, 10 Tahun Mendatang Indonesia Jadi Negara Maju

Bapak Lupa, Buat Jadi Negara Maju Ga Cuma Infrastruktur Tok! 

Bagaimana Dengan Korupsi?
Bagaimana Dengan Kinerja Polisi?
Bagaimana Dengan Penegakan Hukum?
Bagaimana Dengan Sistem Anti",1698870348706644370,,,in,,0,1,0,https://x.com/Kanseulir/status/1698870348706644370,279312062,Kanseulir
1701203889104760842,2023-09-11T13:49:41.000Z,13,@txtdrberseragam Kalo kasus2 kaya gini kinerja polisi 10/10 lah yaa 😅,1701231543312580890,,matthewgrok,in,,0,1,0,https://x.com/yoesmitadendry/status/1701231543312580890,77552002,yoesmitadendry
1700603050829000806,2023-09-10T16:25:20.000Z,0,"@deretxt @AREAJULID apa gunanya UU Perlindungan Anak kalau Polisi dan Jaksa disana menutup telinga.
Tunjangan Kinerja yg setinggi langit telah membutakan mata.

kalau kalian lurus, BUKTIKAN!",1700908323007234108,,deretxt,in,,0,0,0,https://x.com/NurhadiSst/status/1700908323007234108,732198426302021633,NurhadiSst
1700359973723836525,2023-09-09T04:06:23.000Z,25,"Spill kinerja 
Oppa Park Gan Jar 😍🤟🇮🇩
keren.. 🤟🇮🇩
Idola millenial Gen Z 
..
Oppa @ganjarpranowo 🤟🇮🇩
selalu di hati.. 
.. 
Pijar Emang Beda
.. 
00.00 WIB Asnawi Polisi De Gea
RCTI Nadeo Prewed https://t.co/AMjLwLFyGF",1700359973723836525,https://pbs.twimg.com/ext_tw_video_thumb/1700358376855937024/pu/img/hEXhYtiX2cdX0Rer.jpg,,in,,1,10,12,https://x.com/Mi9aWempy/status/1700359973723836525,990916402797146113,Mi9aWempy
1700325283461824936,2023-09-09T02:45:34.000Z,0,"@tempodotco Baik pak polisi, terima kasih utk kinerja nya ya☺️",1700339635367657673,,tempodotco,in,,0,0,0,https://x.com/liffitrindewor/status/1700339635367657673,1005483675834675200,liffitrindewor
1700167793415770571,2023-09-08T15:22:44.000Z,1,"kasus pembunuhan sadis yabg sudah 19 Bulan, akhirnya terbongkar....

Terungkapnya Kasus Pembunuhan Sadis, DPRD Bolmut Apresiasi Kinerja Polisi https://t.co/zZ7wNKB6ox",1700167793415770571,,,in,,0,0,0,https://x.com/laupu_indrawan/status/1700167793415770571,1372856752841003009,laupu_indrawan
1699996229898281205,2023-09-08T12:41:42.000Z,8,"@detikcom rakyat lebih heran liat kompolnas yang cuma bisa heran dgn tingkah laku polisi. harusnya kalian kompolnas itu sudah banyak terima keluhan masyarakat tentang kinerja polisi, tugas kalian meneruskan keluhan ke presiden sehingga polisi bisa dibenahi dan dikawal proses perbaikannya",1700127270374166994,,detikcom,in,,0,1,0,https://x.com/keduabuatlah/status/1700127270374166994,1917257376,keduabuatlah
1700038343185293436,2023-09-08T08:05:07.000Z,2,"@msaid_didu @DivHumas_Polri kinerja polisi gabagus2 nya dri dlu represif mlulu, brantem trus sama rakyat",1700057663495967105,,msaid_didu,in,,0,0,1,https://x.com/TomyZei/status/1700057663495967105,287057562,TomyZei
1700026306145173662,2023-09-08T06:20:08.000Z,0,"@CNNIndonesia Otaknya duit gini,kinerja polisi makin d pertanyakan",1700031245961626008,,CNNIndonesia,in,,0,0,0,https://x.com/atwildnature/status/1700031245961626008,61431949,atwildnature
1699983347584499713,2023-09-08T03:09:55.000Z,0,"golongan tertentu. Yah, cukup relate dengan keadaan kepolisian di negara Wakanda ya. Dimana kepercayaan masyarakat terhadap polisi juga turun drastis akibat kinerja yang kurang berpihak pada rakyat.",1699983373698285678,,itsgreyold,in,,0,0,0,https://x.com/itsgreyold/status/1699983373698285678,1294975383113105414,itsgreyold
1699983347584499713,2023-09-08T03:09:54.000Z,0,"Dalam buku ini juga kental akan kritikan terhadap kinerja polisi yang dicap sebagai suruhan pemerintah tanpa memedulikan kemaslahatan rakyat. Tapi, tokoh utama kita, Kwan berbeda. Ia tak ragu menerobos peraturan jika itu bertentangan dengan keadilan dan hanya berat pada pihak --",1699983369436844036,,itsgreyold,in,,0,1,0,https://x.com/itsgreyold/status/1699983369436844036,1294975383113105414,itsgreyold
1699918206042038756,2023-09-08T02:10:10.000Z,0,@berkeIanajauh Kalo gw setuju sih kalo soal masalah sdm di minangkabau utara ya dari segi apapun emang begitu apalagi tenaga alam yang begitu kuat tapi tak setara dengan jumlah polisi disana yang terbilang masih sedikit sangat mempengaruhi kinerja karyawan sih apalagi gw yang tinggal di jawa da,1699968339433722255,,,in,,0,1,0,https://x.com/kannakamuyy/status/1699968339433722255,1233993998324256769,kannakamuyy
1699958618366632108,2023-09-08T01:31:32.000Z,1,JUM'ATCURHAT*  Bhabinkamtibmas dan polisi RW melaksanakan giat jum'at curhat bersama Tokoh masyarakat  di desa Taja raya 2 dalam rangka Menjalin Komunikasi dan mempererat jalinan informasi dan keluhan masyarakat terhadap kinerja Polri khususnya polsek betung. https://t.co/YcjDKxlm8O,1699958618366632108,https://pbs.twimg.com/media/F5d3WrNaUAAuxAQ.jpg,,in,,0,0,0,https://x.com/HumasBetung/status/1699958618366632108,1402522385740275712,HumasBetung
1699714456878739760,2023-09-08T01:01:43.000Z,6,"@pecandusenja_ @cukupremahan @kevinpramudya_ @mas_idub7 @zayndbryant trgntung cuan gk si kak, kek gk tau kinerja polisi dikonoha aj 😭",1699951112315715962,,pecandusenja_,in,,0,2,0,https://x.com/_ailac/status/1699951112315715962,1558725295116414976,_ailac
1702288117645058133,2023-09-14T23:20:05.000Z,0,@rosita_rus Semangat terus para anak² semoga kalian bisa menjafi abdi negara yg sama hal dan kinerja nya seperti para polisi direm0ang yg baik mengayomi dan menjaga masyarakatnyaa,1702462252778205588,,rosita_rus,in,,0,0,0,https://x.com/AlfariziNa19279/status/1702462252778205588,1669503341238571008,AlfariziNa19279
1702288117645058133,2023-09-14T22:53:56.000Z,0,@rosita_rus Senyum bahagia dari para siswi menandakan bahwa kinerja para polisi dirempang sangat bail dan istimewa...,1702455669985828930,,rosita_rus,in,,0,0,0,https://x.com/iralestari1997/status/1702455669985828930,1702414939745558528,iralestari1997
1702288117645058133,2023-09-14T22:39:52.000Z,0,@rosita_rus Melindungi dan menjaga masyarakat emang sudah menjadibtugas dari para aparat kepolisian dan dirempang para polisi nya sudah menunjukan dan membuktikan bahwa kinerja aparat kepolisian ya seperti itu.. semoga semakin sukses..,1702452129099583548,,rosita_rus,in,,0,0,0,https://x.com/KuNadzir63147/status/1702452129099583548,1669504064894427136,KuNadzir63147
1702288117645058133,2023-09-14T22:31:27.000Z,0,@rosita_rus Bangga dengan kinerja para jajaran polisi yg siap siaga menjaga dan melindungi masyarakat dirempang .. semoga jaya selalu,1702450012813246584,,rosita_rus,in,,0,0,0,https://x.com/WudiMm22/status/1702450012813246584,1679837928321871872,WudiMm22
1702286486828392663,2023-09-14T14:56:21.000Z,0,@TariqKuntoro patut diapresiasi sih ini kinerja polisi,1702335484276670881,,TariqKuntoro,in,,0,0,0,https://x.com/mcholid30/status/1702335484276670881,1667216563156680707,mcholid30
1702298812013003190,2023-09-14T12:30:38.000Z,0,Direktur Eksekutif Lemkapi Apresiasi Kinerja Polisi Ungkap Sindikat Rumah Produksi Film Dewasa https://t.co/UvUcxDBaVr,1702298812013003190,,,in,,0,0,0,https://x.com/KlikindonesiaC/status/1702298812013003190,1515181720102121475,KlikindonesiaC
1702290835935826228,2023-09-14T11:58:56.000Z,0,"Dalam rangka meningkatkan kinerja Polisi Banjar di Kecamatan Gianyar, Kapolsek Gianyar Kompol I Gede Sudyatmaja, S.H.,M.H. pimpin apel konsolidasi bertempat di Alun Alun Gianyar, Kamis (14/09/2023).

#polisibanjar
#divisihumaspolri
#poldabali
#polresgianyar
#polsekgianyar https://t.co/DiyI2JHty0",1702290835935826228,https://pbs.twimg.com/media/F5_AfmmbYAARRYC.jpg,,in,,0,0,0,https://x.com/bhabin_sumita/status/1702290835935826228,1595629772545015808,bhabin_sumita
1701962352915075295,2023-09-14T10:29:26.000Z,0,"@NarasiNewsroom Tag line percuma lapor polisi ga akan pernah berhenti krn ya faktanya emang percuma. Buat kalian yg nerima laporannnya  Mega &amp; kerja ky tai. Liat anak cucu kalian, pantengin 24 jam. Gw yakin pasti akan ada balasan yg setimpal sm kinerja kalian ke keturunan2 kalian.",1702268311323742525,,NarasiNewsroom,in,,0,0,0,https://x.com/aslifunnisa/status/1702268311323742525,425516198,aslifunnisa
1702233057061896672,2023-09-14T09:46:35.000Z,0,"@ayara_ayara0222 mana pesimis ama kinerja polisi indo pula anjay 😭😭😭
imej mereka terlalu rusak utk disuruh muter otak",1702257524911853729,,ayara_ayara0222,in,,0,1,0,https://x.com/freyelfwzn/status/1702257524911853729,1429339074939133952,freyelfwzn
1701986439792304173,2023-09-14T05:22:03.000Z,0,"@Heraloebss Hirarki Satpam itu bagian dari POLRI berdiri atas ketetapan KAPOLRI yang membantu kinerja Polisi dengan pembiayaan dari masyarakat, semua Satpam wajib ikut pelatihan Gada Pratama, sampai Gada Utama yang diselenggarakan POLRI",1702190955682750627,,Heraloebss,in,,0,0,0,https://x.com/r_zecky/status/1702190955682750627,1353631204650573824,r_zecky
1701984497829560663,2023-09-14T04:41:16.000Z,0,@langityang7 dengan kinerja polisi yang baik masyarakat akan terus merasa aman,1702180692430610551,,langityang7,in,,0,0,0,https://x.com/au_soja/status/1702180692430610551,868062012,au_soja
1701984497829560663,2023-09-14T04:40:43.000Z,0,@langityang7 kinerja polisi melindungi masyarakat memang baik,1702180554307949008,,langityang7,in,,0,0,0,https://x.com/bebymushuk1/status/1702180554307949008,1279363818,bebymushuk1
1702178452106010746,2023-09-14T04:32:22.000Z,0,"Saya usul Mas @ganjarpranowo membuat program peningkatan kapasitas Polisi, melihat kinerja Polisi saat ini yang sudah baik, namun untuk menjawab tantangan ke depan maka perlu ada peningkatan baik skill maupun pola pikir agar lebih efektif dalam melayani dan melindungi rakyat",1702178452106010746,,,in,,0,1,0,https://x.com/kura2giok/status/1702178452106010746,58405028,kura2giok
1702174031204770217,2023-09-14T04:14:48.000Z,1,Kegiatan  Jumat Curhat personil Polsek Sawahlunto bersama pedagang di Pasar  Sawahlunto sekaligus mendengarkan aspirasi serta keluh kesah masyarakat  terkait situasi Kamtibmas di Pasar dan kinerja Polisi di Kota Sawahlunto https://t.co/WIuMEZrj8x,1702174031204770217,https://pbs.twimg.com/media/F59WQWgaMAAd65j.jpg,,in,,0,0,0,https://x.com/Polres_SWL/status/1702174031204770217,1262560921471217665,Polres_SWL
1702138050053300630,2023-09-14T01:51:49.000Z,1,Coba bayangin ada penilaian kinerja personil polisi sama teknologi digital. Seperti pak Ridwan Kamil yg bikin itu cuman beda nya kang emil buat untuk para PNS di jawa barat.,1702138050053300630,,,in,,0,1,0,https://x.com/novatraces/status/1702138050053300630,1299562036871876610,novatraces
1701981535505989865,2023-09-14T01:10:38.000Z,0,@RikoMashuri Keren kinerja para polisi masih memberikan kebahagian kepada siswa terdampak di Rempang,1702127682509828563,,RikoMashuri,in,,0,0,0,https://x.com/dewjsuu801/status/1702127682509828563,1667195700264972290,dewjsuu801
1701981535505989865,2023-09-14T00:57:13.000Z,0,@RikoMashuri Berkat kinerja polisi maka siswa yang terdampak gas air mata di Rempang bisa tersenyum,1702124307584102860,,RikoMashuri,in,,0,0,0,https://x.com/Sevenbef/status/1702124307584102860,1661993357059538945,Sevenbef
1701896920787251323,2023-09-14T00:46:20.000Z,0,"@NarasiNewsroom Serius nanya deh, emg klo kita ada kasus trus lapor polisi harus bayar pake uang dulu baru kasusnya diproses?? Trus polisi digaji tiap bulan utk apa, dapat tunjangan kinerja utk apa??",1702121567055175825,,NarasiNewsroom,in,,0,0,0,https://x.com/malikagha/status/1702121567055175825,94546590,malikagha
1701981535505989865,2023-09-14T00:38:14.000Z,0,@RikoMashuri Kinerja polisi patut di apresiasikan dalam membantu siswa di Rempang,1702119528094970289,,RikoMashuri,in,,0,0,0,https://x.com/Km_cansu/status/1702119528094970289,1662128181405442050,Km_cansu
1701962352915075295,2023-09-14T00:20:32.000Z,0,"@NarasiNewsroom Daridulu emg gini kinerja polisi, aneh apa-apa mesti viral dulu baru ditindak. Bubarin aja sekalian",1702115075669237963,,NarasiNewsroom,in,,0,0,0,https://x.com/ramzes666j/status/1702115075669237963,1081925911593635840,ramzes666j
1701951369916088480,2023-09-14T00:18:15.000Z,0,"@kegblgnunfaedh Baca story nya pas bikin laporan dan visum begitu penuh perjuangan, ehh sama polsek cikarang malah dicuekin, di stop sepihak, jahanam bener kinerja polsek cikarang, nyawa di anggap enteng, Pak @DivHumas_Polri rakyat berharap banyak, evaluasi, pecat dan penjarakan oknum2 polisi",1702114501313823221,,kegblgnunfaedh,in,,0,0,0,https://x.com/bangmandor71/status/1702114501313823221,1341732822726266880,bangmandor71
1702049302179463326,2023-09-13T19:59:10.000Z,0,"Kinerja Polisi Disoroti, Mahasiswa Demo Mabes Polri https://t.co/5zwd35e5YK https://t.co/kKNIdQWnom",1702049302179463326,https://pbs.twimg.com/media/F57k0jEbwAET6nx.jpg,,in,,0,0,0,https://x.com/kTangsel/status/1702049302179463326,1278392060,kTangsel
1701829926645559309,2023-09-13T15:04:48.000Z,79,"@iqbal_farabi Lah lupa sm Sutiyoso ? Ga cuma polisi, TNI jg turun. 

Skrg dampaknya apa ?
BKT, trus dampaknya lg apa ? Brp luas wilayah yg bs terbebas dr banjir ? 

Mari kita diskusi terkait ini. 

Skrg gusur menggusur, itu kebijakan non-populis. 

Yes, utk wilayah spt Jakarta, dgn tingkat",1701975221249712470,,iqbal_farabi,in,,2,13,17,https://x.com/adisatya/status/1701975221249712470,47331849,adisatya
1701954852199547300,2023-09-13T13:43:52.000Z,0,Makin hari makin keliatan kan kepolisian kita tuh kelasnya gimana. Amatir. Cuma ya gitu ga pernah dibuat film aja kebobrokan polisi kita ga kayak Bollywood banyak bgt film yg jelekin polisi mereka sendiri. Di indo kalo ada yg ngritik kinerja Polisi malah ditangkep 🙃,1701954852199547300,,,in,,0,1,0,https://x.com/starlord_1705/status/1701954852199547300,2429136288,starlord_1705
1701725931935809737,2023-09-13T12:57:34.000Z,0,"@kompascom Makanya lain kali netizens kalo nyindir kinerja polisi, bilang aja polisi Indonesia, jangan ngomong polisi wakanda atau konoha.
Akhirnya mereka gak ngerasa kalo salah.",1701943202310418534,,kompascom,in,,0,0,0,https://x.com/romeoagresif/status/1701943202310418534,788454995477798912,romeoagresif
1701926232198361088,2023-09-13T12:38:59.000Z,0,"@soundwrds mantap betul kinerja polisi dalam memberantas narkoba di indonesia ini
#NarkobaMusuhBersama
IRJEN AGUNG SERYA",1701938524428353802,,txtlongtong,in,,0,0,0,https://x.com/friskaurellia10/status/1701938524428353802,1561912883713556480,friskaurellia10
1701926232198361088,2023-09-13T12:37:11.000Z,0,"@soundwrds akhirnya ketangkep pengedar narkobanya, keren bgt kinerja polisi #NarkobaMusuhBersama
IRJEN AGUNG SERYA",1701938070764016107,,txtlongtong,in,,0,0,0,https://x.com/itsnana73132/status/1701938070764016107,1562818663727890436,itsnana73132
1701926232198361088,2023-09-13T12:01:48.000Z,0,"@soundwrds Ada yg lebih bahaya dari putus cinta, yaitu kecanduan narkoba. Tapi para penyintas ini gaakan ugal-ugalan kalo pengedarnya bisa stop, jadi salut sekali dg kinerja polisi untuk memberantas narkoba di Indonesia #NarkobaMusuhBersama
IRJEN AGUNG SERYA",1701929167657500821,,txtlongtong,in,,0,0,0,https://x.com/othreadanything/status/1701929167657500821,1544683284717744129,othreadanything
1701578174952595815,2023-09-13T08:06:43.000Z,1,@kompascom Sudah jelas kan sudah rahasia umum kinerja polisi itu gimana,1701870008195031281,,kompascom,in,,0,0,0,https://x.com/abiyasa69/status/1701870008195031281,712329254,abiyasa69
1701867465427607672,2023-09-13T07:56:37.000Z,1,"Kapolres Pasaman Sambut Tim Audit Kinerja Itwasda Polda Sumbar di Polres Pasaman

#polripresisi #polisi #polisiindonesia #ssdmpolri #polrespasaman #humaspolrespasaman #poldasumbar #divisihumaspolri #polisikeren #polisihumanis #minang #sumbar #padang #pasaman #indonesia https://t.co/uvg2onUFxY",1701867465427607672,https://pbs.twimg.com/media/F54_aPgbQAAe-5f.jpg,,in,,0,0,0,https://x.com/polrespasaman/status/1701867465427607672,1184419459936612352,polrespasaman
1701460121820483633,2023-09-13T07:41:01.000Z,4,"@ListyoSigitP Udah kebangetan anak buah mu pak, kerjany nunggu duit dulu baru gerak.. lihat kasus ibu sdang hamil dibnuh suaminya dn sempet lapor KDRT tpi ga di gubris polisi itu udh mnjelaskan kinerja polisi ga BECUSSS",1701863539747791341,,ListyoSigitP,in,,0,0,1,https://x.com/Siputta1/status/1701863539747791341,1118513946112118784,Siputta1
1701854859321114809,2023-09-13T07:06:32.000Z,2020,"#TuankuRakyat

“Pak Ganjar adalah pemimpin yang merakyat”

Kesederhanaan @ganjarpranowo sebagai pemimpin sudah tumbuh, sejak dia lahir dan besar dari rumah ke rumah tempatnya bersinggah. Sikap itu dipaparkan dalam sebuah manifesto dari sosok Ganjar Pranowo. Lahir dari keluarga https://t.co/3p6BotGgqp",1701854859321114809,https://pbs.twimg.com/media/F54z-BebcAA5FGA.jpg,,in,,38,3596,1245,https://x.com/Melihat_Indo/status/1701854859321114809,48359478,Melihat_Indo
1701725931935809737,2023-09-13T04:25:18.000Z,0,"@kompascom Masih percaya sm kinerja polisi Indonesia?
AKU SIH NO 😁😁😁😁",1701814285918478339,,kompascom,in,,0,0,0,https://x.com/tttiiiccceee/status/1701814285918478339,374263958,tttiiiccceee
1701431336995832150,2023-09-13T01:03:20.000Z,0,"@kompascom Dari gw SD sampai anak gw skrg SD. 
Kinerja aparat polisi knp gda perubahan lebih baik ya?? 
Jalan terbaik buat gw adlh jgn pernah berurusan dgn kepolisian
#Miris",1701763460600860884,,kompascom,in,,0,0,0,https://x.com/rakabayu2/status/1701763460600860884,2320468669,rakabayu2
1701748587909316791,2023-09-13T00:04:14.000Z,0,Anggaran negara 116Triliun untuk Polisi memang TERLALU BESAR untuk kinerja pelayanan yang SANGAT MINIM.,1701748587909316791,,,in,,0,0,0,https://x.com/proletarsusah/status/1701748587909316791,1175777067322884096,proletarsusah
1701725931935809737,2023-09-12T23:05:42.000Z,0,@kompascom Penegakan hukum dan sanksi tegas terhadap oknum polisi yang lalai ini  penting agar tidak ada lagi korban jiwa akibat kelalaian polisi dalam  menangani kasus KDRT di masa mendatang. Kasus kematian MSD harus menjadi  momentum perubahan bagi kinerja kepolisian.,1701733854980243942,,kompascom,in,,0,0,0,https://x.com/pakar_ai/status/1701733854980243942,1585841318810394625,pakar_ai
1701602392998072681,2023-09-12T14:23:19.000Z,0,"Heran, masih banyak aja yg nyinyirin kinerja polisi gegara nangkep kasus lendir. Minimal polisi kita itu kerja.

Kita org awam emg ga tau apa yg dikerjain polisi tapi percaya banyak yg masih kerja lurus, lebih lagi media cuma mau ngangkat berita yg dianggap seksi utk engangement.",1701602392998072681,,,in,,0,0,0,https://x.com/nadinebellaz/status/1701602392998072681,2381739182,nadinebellaz
1701559764088737821,2023-09-12T11:33:55.000Z,0,MANTAPP POLISI KINERJA YANG LUAR BIASAAAAA BRAVOOOOO,1701559764088737821,,,in,,0,0,0,https://x.com/Roraaxxx/status/1701559764088737821,1410143802128437250,Roraaxxx
1701543581348220963,2023-09-12T10:29:37.000Z,0,Entah kenapa saya ga Kaget melihat Kinerja Yth. Bapak2 Polisi dalam memproses Laporan,1701543581348220963,,,in,,0,0,0,https://x.com/cadolfcatler45/status/1701543581348220963,1524714349742333953,cadolfcatler45
1701431336995832150,2023-09-12T06:14:00.000Z,0,"@kompascom Adaaa aja berita tentang kinerja Polisi tiap bulannya, dan selalu aneh aneh aja☹️",1701479252263416177,,kompascom,in,,0,0,0,https://x.com/destinedwitchu/status/1701479252263416177,1107278033281404928,destinedwitchu
1701437979645112558,2023-09-12T04:30:01.000Z,0,"@detikcom Mantap sekali kinerja polisi kita, pasti sulit sekali membongkar kasus seperti ini respect!",1701453084214657442,,detikcom,in,,0,0,0,https://x.com/fpliket/status/1701453084214657442,1199037442684121088,fpliket
1703808027634335834,2023-09-18T16:27:43.000Z,0,"DIMANAPUN TEMPATNYA DI NEGERI INI,PREMAN MERAJALELA..POLISI KEMANA??!!.
UDAH NAIK GAJI MALAH GAK ADA KERJA/MAKAN GAJI BUTA!!!.

@jokowi INI HARUS JADI PERHATIAN SERIUS DAN EVALUASI KINERJA DARI POLRI!!.
GANTI DONG KAPOLRINYA!!.

@jokowi
@mohmahfudmd

https://t.co/csVtjhuIFe",1703808027634335834,,,in,,0,0,0,https://x.com/M17522147/status/1703808027634335834,891883949571457024,M17522147
1703707936923513119,2023-09-18T10:51:06.000Z,0,@janenuby Semangat pak polisi semakin tingkatkan kinerja nya dan di sukai masyarakat #MaksimalMelayaniIndonesia,1703723315582676992,,Fahmatchaa,in,,0,0,0,https://x.com/Brenda57876593/status/1703723315582676992,1605397331062403072,Brenda57876593
1703251424359157916,2023-09-17T03:35:59.000Z,2,"Melalui Kegiatan Minggu Kasih, Bhbainkamtibmas Kelurahan Durian II mengetahui permasalahan yang terjadi dilingkungan masyarakat serta memberikan aspirasi terkait kinerja Polisi di Kota Sawahlunto https://t.co/jeRcm5RVnc",1703251424359157916,https://pbs.twimg.com/media/F6MqHXOaUAAwnLj.jpg,,in,,0,0,0,https://x.com/Polres_SWL/status/1703251424359157916,1262560921471217665,Polres_SWL
1702698045912261056,2023-09-16T11:09:49.000Z,0,"@alimaulia @popiforestian Hadeuh, org yg punya akal sehat juga gak akan segampang itu buat hujat org yg kesusahan -,- kamu kan gatau kondisi dia aslinya gimana kecuali dari twit. Kalau gamau bantu, ya diem aja. Dah tau juga kinerja polisi akhir-akhir gimana, gak heranlah pada lari ke sosmed -,-",1703003250344284188,,alimaulia,in,,0,0,0,https://x.com/cielbleushn/status/1703003250344284188,1220939334817239042,cielbleushn
1702892688255881721,2023-09-16T05:01:31.000Z,0,@dzulfasweet Patut di apresiasi terhadap kinerja polisi yang menangkap sindikat narkoba #BersamaJagaKamtibmas,1702910563842724167,,dzulfasweet,in,,0,0,0,https://x.com/silamay62/status/1702910563842724167,1594859642953248768,silamay62
1702653175998857317,2023-09-15T11:58:45.000Z,0,"kemarin-kemarin banyak yg meromantisme tni dan rakyat sebagai bentuk kekecewaan terhadap kinerja polisi, padahal dua lembaga cuman beda seragam doang, bejatnya tetap sama",1702653175998857317,,,in,,0,0,0,https://x.com/bayusvara_/status/1702653175998857317,1264489886679093248,bayusvara_
1702601558008184998,2023-09-15T08:33:38.000Z,18,"Sebagian ketakutan yg mungkin gak pengen kamu alami dari sisi gelap kehidupan dunia maya ada di TARGET. Mulai dari penipuan online, jual beli barang palsu sampai teror personal karena kebocoran identitas.  

Dibuka oleh cerita Soo-Hyun yg sebel parah karena kena tipu. Mesin cuci https://t.co/5qfgHlgIEL",1702601558008184998,https://pbs.twimg.com/media/F6DbFy8b0AAQKIx.jpg,,in,,0,1,5,https://x.com/hafilova/status/1702601558008184998,35191228,hafilova
1702208054266351633,2023-09-15T05:23:08.000Z,0,@detikcom Terus ada yg beritakan 95 persen masyarakat indonesia percaya kinerja polisi indonesia...... Mau ketawa takut dosa.....🤥🤥🤥,1702553615175757867,,detikcom,in,,0,0,0,https://x.com/Piet16370639/status/1702553615175757867,1288013045449388032,Piet16370639
1702171060374802763,2023-09-15T04:05:23.000Z,0,"@detikcom Proses mulu, ga beres2,lalu apa itu tunkin,remon 3 bulan sekali, ukurannya apa bisa dikasih bonus2 gt bukannya penghargaan bwt kinerja. Kinerja gmna ini, satu orng polisi bisa menyelsaikan brp kasus slm 3 bulan itu???? Gedeuk gw, kerja g ada target enak bner",1702534049661911163,,detikcom,in,,0,0,0,https://x.com/irhan_my/status/1702534049661911163,1667762717770534912,irhan_my
1704805726160576877,2023-09-21T23:07:59.000Z,1,"@txtdrimedia Not supporting this kind of action but...kenapa sihh polisi gercep bgt kalo ngurusin selangkangan???? Emg untungnya apasihh? Yg kmrn korban kdrt dibunuh suaminya aja udh lapor tp responnya malah bertele2, keburu gaada orgnya. Bobrok emg kinerja polri.",1704995921271095467,,txtdrimedia,in,,0,0,1,https://x.com/moonlitebae_/status/1704995921271095467,139647859,moonlitebae_
1704848283527741634,2023-09-21T13:21:19.000Z,0,"Dua Oknum LSM J…T Ditangkap Polisi Karna Lakukan Penipuan dan Penggelapan, Ketum AMI : Mengapresiasi Kinerja Polres Lamongan https://t.co/KUCzQUATlH",1704848283527741634,,,in,,0,0,0,https://x.com/LieSujono33310/status/1704848283527741634,1687735269745983489,LieSujono33310
1704798186710487379,2023-09-21T10:02:24.000Z,0,"Jenderal Polisi bintang dua ini memamparkan evakiasi kinerja anggaran pada Kantor Wilayah selama periode 2023, mulai dari realisasi anggaran, nilai monev anggaran, nilai IKPA, hingga nilai rata-rata pemenuhan indikator RKT RB.",1704798223079195012,,kemenkumjatim,in,,0,1,0,https://x.com/kemenkumjatim/status/1704798223079195012,4214856850,kemenkumjatim
1704763937395536180,2023-09-21T07:46:10.000Z,5,"Bacapres Anies Baswedan menyampaikan lima gagasan yang akan menjadi prioritas ketika dirinya menjadi presiden.

Apa saja gagasan itu?

Baca selengkapnya: https://t.co/Righl8TwZX #AniesBaswedan https://t.co/gtrLDNviaV",1704763937395536180,https://pbs.twimg.com/media/F6iIdbSbcAAVis7.jpg,,in,,4,1,1,https://x.com/KATADATAcoid/status/1704763937395536180,552523769,KATADATAcoid
1704697912868106470,2023-09-21T03:23:50.000Z,0,"Top News 3: Bacapres Anies Baswedan menyampaikan sejumlah kritik saat menghadiri acara 'Tiga Bacapres Bicara Gagasan' yang digelar Mata Najwa di UGM.

Salah satu yang menjadi sorotan Anies adalah mengenai iklim kebebasan berpendapat. Baca selengkapnya: https://t.co/Righl8TwZX",1704697920644432312,,KATADATAcoid,in,,0,1,0,https://x.com/KATADATAcoid/status/1704697920644432312,552523769,KATADATAcoid
1704489709576040950,2023-09-21T03:16:32.000Z,0,"@sosmedkeras Luar biasa
berarti Bpk Polisi yg bertugas mempraktekkan hidup penuh kasih kepada tahananya.
sampai tahananya betah, 
nggak mau pulang2🤣🤣🤣
Pak Sigit 
Monggo pak diapreasiasi kinerja Bpk polisi yg baik ini.(calon penerus )
@ListyoSigitP ,@DivHumas_Polri ,@jokowi ,@mohmahfudmd ,",1704696083455353111,,sosmedkeras,in,,0,0,0,https://x.com/roder45070212/status/1704696083455353111,1428043247331409921,roder45070212
1704520874836296057,2023-09-20T15:40:19.000Z,0,"ngapain ""wibawa"" kalau kinerja riil jelek...

lu liat aja polisi...

duh lulusan perancis..",1704520874836296057,,,in,,0,0,0,https://x.com/anda_winata/status/1704520874836296057,48265005,anda_winata
1704412677580435851,2023-09-20T08:30:23.000Z,0,"Anies Baswedan menyampaikan sejumlah kritik saat hadir di acara 'Tiga Bacapres Bicara Gagasan' yang digelar Mata Najwa di UGM. Salah satu yang menjadi sorotan Anies adalah mengenai iklim kebebasan berpendapat.

Apa saja gagasan Anies? Baca selengkapnya: https://t.co/Righl8TwZX",1704412677580435851,,,in,,0,0,0,https://x.com/KATADATAcoid/status/1704412677580435851,552523769,KATADATAcoid
1704397274401653181,2023-09-20T07:29:11.000Z,0,"Gagasan Anies di UGM: Kritik Kebebasan Bicara, Sorot Kinerja Polisi https://t.co/3l3PpjGcVr",1704397274401653181,,,in,,0,0,0,https://x.com/KATADATAcoid/status/1704397274401653181,552523769,KATADATAcoid
1701431336995832150,2023-09-19T17:16:57.000Z,0,@kompascom Segera di evaluasi kinerja polisi...,1704182806069531072,,kompascom,in,,0,0,0,https://x.com/trimoalamin78/status/1704182806069531072,1308835618944815104,trimoalamin78
1704010273701626008,2023-09-19T06:14:42.000Z,0,"@nona_vonee sebagai Penegak Hukum Humanis, seorang polisi memang diharapkan untuk bisa mengayomi masyarakat dan #KonsistenSelaluMengabdi hingga terciptalah keamanan bagi masyarakat. salut polri atas kinerja selama ini.",1704016143625928906,,nona_vonee,in,,0,0,0,https://x.com/PS100890/status/1704016143625928906,1689328255705456640,PS100890
1704010273701626008,2023-09-19T06:00:48.000Z,0,"@nona_vonee Profesi seorang polisi memang diharapkan masyarakat untuk mengayomi dan menjadi Penegak Hukum Humanis agar tercipta keamanan. salut pada polri atas kinerja selama ini.
#KonsistenSelaluMengabdi .",1704012647325454732,,nona_vonee,in,,0,0,0,https://x.com/MailaAnita/status/1704012647325454732,1622464275288850433,MailaAnita
1706202570065408246,2023-09-25T16:48:20.000Z,0,"@tanyarlfes bisa gak sih polisi yang kinerja nya begini di pidana kan aja? ini udah berulang loh kayak jadi gak guna bgt ada polisi. kemarin di bekasi, korban kdrt udah lapor, tersangka gak di proses juga. sampe akhirnya korban dibunuh juga. Pak @ListyoSigitP bisa gak ini diberesin pak?",1706349930833645893,,tanyarlfes,in,,0,0,0,https://x.com/dabigujosman1/status/1706349930833645893,1202029722000973824,dabigujosman1
1706192680714375209,2023-09-25T06:23:29.000Z,0,"Kapolres Gresik AKBP Adhitya Panji Anom., S.I.K. bersama PJU mengikuti vidcon taklimat awal audit kinerja Itwasda Polda Jatim Tahun 2 Th. 2023
.
.
.

#polresgresik #poldajatim #polresgresikkabupaten #infogresik #gresikupdate #kapolresgresik #police #polisi #polri https://t.co/8TDZbrXdud",1706192680714375209,https://pbs.twimg.com/ext_tw_video_thumb/1706192598493442048/pu/img/jmRGlOctG7Yqrdj5.jpg,,in,,0,0,0,https://x.com/HumasGresik/status/1706192680714375209,3308607517,HumasGresik
1706192271887249531,2023-09-25T06:21:51.000Z,0,"Kapolres Gresik AKBP Adhitya Panji Anom., S.I.K. bersama PJU mengikuti vidcon taklimat awal audit kinerja Itwasda Polda Jatim Tahun 2 Th. 2023
.
.
.

#polresgresik #poldajatim #polresgresikkabupaten #infogresik #gresikupdate #kapolresgresik #police #polisi #polri https://t.co/KBvIlYuMW0",1706192271887249531,https://pbs.twimg.com/media/F62c1GDaIAAvJo3.jpg,,in,,0,0,0,https://x.com/HumasGresik/status/1706192271887249531,3308607517,HumasGresik
1706186693924278451,2023-09-25T05:59:41.000Z,0,"Kepala Negara dan Kapolri wajib hadir menuntaskan peristiwa/kasus ini, dan mengevaluasi kinerja #PolriPresisi jgn cuma jargon. #HukumPanglimaTertinggi https://t.co/sRCDxm2che",1706186693924278451,,,in,,0,0,0,https://x.com/marsusuka/status/1706186693924278451,889377463284842496,marsusuka
1705837303548239881,2023-09-24T13:32:40.000Z,0,@CNNIndonesia Ngomong ape lu @ListyoSigitP di bawah kepemimpinan lu makin ancoor kinerja polisi...,1705938299351957663,,CNNIndonesia,in,,0,0,0,https://x.com/htbns2003/status/1705938299351957663,2947380978,htbns2003
1705706252649828491,2023-09-24T11:59:23.000Z,0,@tvOneNews Gini ni kinerja polisi hasil lulus modal sogokan,1705914826709717322,,tvOneNews,in,,0,0,0,https://x.com/MrL4ns/status/1705914826709717322,1628547403195510786,MrL4ns
1705498698468487616,2023-09-24T02:29:34.000Z,0,"@kegblgnunfaedh Pihak sekolahnya goblok polisinya tambah parah, semakin ngawur hukum di negeri ini, haruskah bang Hotman Paris turun tangan biar kinerja polisi dan hukum bisa adil??",1705771426966610259,,kegblgnunfaedh,in,,0,0,0,https://x.com/Bajikun87/status/1705771426966610259,1645465838315769856,Bajikun87
1705738215620321568,2023-09-24T00:17:36.000Z,0,"Bagaimana @UN dalam merespon kinerja polisi Indonesia  ? 
Sangat buruk sekali. 
https://t.co/Zu6fLJy6pQ",1705738215620321568,,,in,,0,0,0,https://x.com/rayhan_yuda_pra/status/1705738215620321568,1902978360,rayhan_yuda_pra
1705395103765025206,2023-09-23T08:07:59.000Z,0,@Muslim_AntiPKI9 Jkw sibuk menanam pohon hantu alias pohon beringin sementara di beberapa daerah di indonesia dlm keributan antara polisi dgn Rakyat dan di ahir masa jabatan jkw kinerja nya sama dgn kompeni belanda terhadap Rakyat,1705494203839717481,,Muslim_AntiPKI9,in,,0,0,0,https://x.com/RickyDiningrat1/status/1705494203839717481,1170251268633157632,RickyDiningrat1
1705485666401030280,2023-09-23T07:34:03.000Z,4,"Selamat Hari Lalu Lintas Bhayangkara Ke-68

Peringatan ini bertujuan untuk meningkatkan kinerja polisi lalu lintas dalam menciptakan ketertiban berkendara yang aman dan nyaman.

@erickthohir 
#et_cawapresunggulan https://t.co/7eijM6jnaq",1705485666401030280,https://pbs.twimg.com/ext_tw_video_thumb/1705485617772347392/pu/img/hcy2LtUzdn_A4vbU.jpg,,in,,0,0,4,https://x.com/Na_Tasy4/status/1705485666401030280,1314079717981519872,Na_Tasy4
1704924154481557781,2023-09-22T06:03:26.000Z,0,"@niconanon2 tapi kalo dari segi optimization dll, pd3 polisi spawningnya ga mengganggu kinerja cpu ga si ga kek pd2 yg polisinya bikin fps turun?

iya ini PR banget servernya ... minimal ada opsi offline atau peer2peer klo servernya down",1705100471608991889,,niconanon2,in,,0,0,0,https://x.com/seisomine/status/1705100471608991889,1286486403950362625,seisomine
1701460121820483633,2023-09-22T03:59:26.000Z,0,@ListyoSigitP Hopeless sama kinerja polisi 😭😭😭😭😭😭😭,1705069265039040644,,zhradifa,in,,0,0,0,https://x.com/zhradifa/status/1705069265039040644,1052090814782820352,zhradifa
1707408612157723011,2023-09-28T23:18:01.000Z,0,"@Heraloebss Layanan darurat aja ga ada yang kerjanya baik. Asal tau aja miss, sekedar layanan ke polsek aja nih bla bla blanya banyak. Selama hukum ga bisa berdiri sendiri dan masih goyah sana sini karena uang, ya ga akan membaik kinerja polisi² dalam negri ini.",1707535162194694165,,Heraloebss,in,,0,0,0,https://x.com/Yoerikoe/status/1707535162194694165,927370944800100353,Yoerikoe
1707449748339490850,2023-09-28T17:38:37.000Z,0,"Gue suka nih kalo bahas unsolved case gini tapi jujur kalo akhir2 ini gue kebanyakan greget ama kinerja polisi, masa harus viral dulu sambel!!!",1707449748339490850,,,in,,0,0,0,https://x.com/Starrydeen/status/1707449748339490850,967673762685501441,Starrydeen
1707397941273727211,2023-09-28T14:12:45.000Z,0,"Review Petualangan Sherina 2 dariku
- Lagu oke
- Isyana steal the show
- Agak bingung ini mau dibikin romance malah awkward, memang susah best friend klo salah satu masih ada rasa 😂
- Kinerja polisi 📈
- Masih tetap benci product placement personally 

So 7/10",1707397941273727211,,,in,,0,0,0,https://x.com/lppratama/status/1707397941273727211,62960533,lppratama
1707332507275084247,2023-09-28T12:32:57.000Z,6,@Paltiwest @habiiibbb Karena gk ad yg mulai. Harus ad yg mulai. Tp tetep no 1 kesalahan polisi gk ad di lokasi kemana aja polisi skrg? 😎 kelihatannya di kubu polisi kayaknya sengaja biar kinerja listiyo jelek. Ad 2 kubu di kepolisian. 😎,1707372824808354126,,PaltiHutabarat,in,,0,1,1,https://x.com/domdomd85875941/status/1707372824808354126,1241397809003151360,domdomd85875941
1707241269368643603,2023-09-28T04:23:54.000Z,0,"@iniariani Wahh hebat banget kinerja
 para polri di Indonesia memberantas kejahatan dan selalu menjaga keamanan masyarakat Indonesia.. semangat pak polisi..Bravo
#PengabdianUntukIndonesia",1707249750482006054,,iniariani,in,,0,0,0,https://x.com/VZakeisya/status/1707249750482006054,1625088172567957504,VZakeisya
1706914394356232684,2023-09-28T01:45:23.000Z,0,"@tanyarlfes Hayoo pak polisi @ListyoSigitP perbaiki kinerja personilnya, jika tindak bisa kerja serius. Copot jabatannya @DivHumas_Polri",1707209857856913875,,tanyarlfes,in,,0,0,0,https://x.com/anoe_freelance/status/1707209857856913875,357730794,anoe_freelance
1706914394356232684,2023-09-28T00:25:50.000Z,0,"@behappyvid @tanyarlfes @DivHumas_Polri liat lahh kinerja polisi perlu di benahi lagi, jadi kurang percaya aku sama pihak kepolisian",1707189840524243449,,Manusiakeraaa,in,,0,0,0,https://x.com/bayidinoo/status/1707189840524243449,1489433764619235329,bayidinoo
1706914394356232684,2023-09-27T14:29:14.000Z,3,"@behappyvid @tanyarlfes gimana sih pakkkk haduuuhhhhhh jangan nunggu viral mulu laahh, plis lah ini kinerja polisi diperbaiki pak jgn nunggu viral dulu atau nunggu korban jadi mayat baru diselidiki @DivHumas_Polri",1707039702103306327,,Manusiakeraaa,in,,0,1,0,https://x.com/rapfunjelxx/status/1707039702103306327,1020297556943749123,rapfunjelxx
1706985426945470940,2023-09-27T13:02:59.000Z,0,"@creepylogy_ Lagi2 diabaikan,Gedeg banget sama kinerja polisi INDONESIA",1707017996013904068,,creepylogy_,in,,0,0,0,https://x.com/PrahanaDita/status/1707017996013904068,1014874946311524354,PrahanaDita
1706914394356232684,2023-09-27T11:06:06.000Z,27,"@behappyvid @tanyarlfes @DivHumas_Polri please lah pak. Kinerja polisi perlu dibenahi 🙏. 
Kemaren kasus suami bunuh istri juga karna sebelumnya tidak diurus sama polisi, juga yang bule bacok mertuanya. 
Masak iya mau nunggu mati dulu pak baru diurus? 🥲🥲🙏",1706988581267616114,,Manusiakeraaa,in,,0,1,0,https://x.com/Amierkhan25/status/1706988581267616114,1086217416571383808,Amierkhan25
1706513502947639536,2023-09-26T10:16:59.000Z,0,@giIangmahesa Mmang ada bbrapa polisi bener disana. Temen2 gw. Tapi siapa yg menilai kinerja polisi bisa diatas 5% ?? Tukang surveynya,1706613829730443516,,giIangmahesa,in,,0,0,0,https://x.com/Priyo__Muhammad/status/1706613829730443516,99473222,Priyo__Muhammad
1706513502947639536,2023-09-26T09:06:10.000Z,0,"@giIangmahesa Gak pernah ada perbaikan kinerja terhadap anak buah Anda pak @ListyoSigitP !!
Masyarakat saking bosennya ketemu Polisi yg model2 begitu, padahal udah di ingatkan pak Presiden @jokowi berkali-kali.

Apanya yg mengayomi masyarakat ??
Katanya Presisi, mana Presisi ??
@mohmahfudmd",1706596009852432528,,giIangmahesa,in,,0,0,0,https://x.com/dyastt/status/1706596009852432528,91336246,dyastt
1706513502947639536,2023-09-26T07:09:36.000Z,0,"@giIangmahesa Kinerja kepolisian @DivHumas_Polri @ListyoSigitP sama seperti kasus dulu  rekan sepeda kahilangan 3 sepeda seharga Puluhan juta. 😁dikantor polisi diinterogasi kyk maling padahan rumah dibobol. Di kasih durst doang, sepeda muncul di marketplace. Minta diusut alasan banyak  kasus",1706566673778573556,,giIangmahesa,in,,0,0,0,https://x.com/anoe_freelance/status/1706566673778573556,357730794,anoe_freelance
1708087758487777434,2023-09-30T13:42:45.000Z,7,@mazzini_gsp sebenarnya kinerja polisi menurut bang gmna? kayak nya polisi ga bisa selesaikan masalah ini terus cari kambing hitam biar ga keliatan tidak pandai nya,1708115165924008143,,mazzini_gsp,in,,0,0,0,https://x.com/thatxx88/status/1708115165924008143,1623443024,thatxx88
1708027094008225876,2023-09-30T07:52:47.000Z,16,"Karena kecewa dengan lambannya penanganan kasusnya yg 3 thn lalu dilaporkan ke #polisi, @WhiteCocon67  wisatawan korban pemerkosaan di Labuan Bajo berharap ada keajaiban dengan mengisahkannya di Twitter
https://t.co/AcwLrUpOUu",1708027094008225876,,,in,,2,1,13,https://x.com/floresadotco/status/1708027094008225876,2411986316,floresadotco
1707938097596621028,2023-09-30T07:21:52.000Z,0,"@SiaranBolaLive polisi gini amat yak kinerja nya, @jokowi  @ListyoSigitP @Polseksukasari_",1708019315478573254,,SiaranBolaLive,in,,0,0,0,https://x.com/haryaka_heru/status/1708019315478573254,1102974301630738432,haryaka_heru
1707679633096024515,2023-09-30T01:11:55.000Z,0,"@VIVAcoid Makin kesini koq makin kayak taik nih polisi Indo, gak malah memperbaiki kinerja malah ngadi² aja kerjaannya 😪",1707926211824115740,,VIVAcoid,in,,0,0,0,https://x.com/naendyz/status/1707926211824115740,279294791,naendyz
1707622992921170270,2023-09-29T09:30:00.000Z,0,"@antscott049 @AFCTreyyy Yang salah dari oknum polisi nya, ya yang diperbaiki adalah kinerja mereka, bukan malah menghilangkan tindakan preventif yang mana polisi sendiri juga sering kasih himbauan preventif ke masyarakat. contohnya ini : https://t.co/GzMNtVCgBF",1707689171253686410,https://pbs.twimg.com/media/F7LuLmPaIAAYjso.jpg,imad_shinnyuki,in,,0,1,0,https://x.com/imad_shinnyuki/status/1707689171253686410,362966356,imad_shinnyuki
1707458903104225451,2023-09-29T05:23:51.000Z,0,@tanyakanrl Drpd nunggu kinerja polisi,1707627223891738784,,tanyakanrl,in,,0,0,0,https://x.com/Polentacheese/status/1707627223891738784,841637296151572482,Polentacheese
1707435379081740652,2023-09-29T03:27:55.000Z,0,"@Heraloebss ASLI, MASYARAKAT UDAH GA PERCAYA SAMA SEKALI SAMA KINERJA POLISI",1707598049969942804,,Heraloebss,in,,0,0,0,https://x.com/F_Friks/status/1707598049969942804,1442444236746473475,F_Friks
1707374002132725840,2023-09-29T00:01:38.000Z,0,@mazzini_gsp @ST_Burhanuddin Kejaksaan itu emang salah satu institusi yang paling dibenci masyarakat akibat kinerja bobroknya. Tapi sayang eksposure nya gak sebesar Polisi 😅,1707546135693508935,,mazzini_gsp,in,,0,0,0,https://x.com/Rioggrande/status/1707546135693508935,1350005246,Rioggrande
1707313617312645584,2023-09-29T00:00:13.000Z,0,"@Pai_C1 Mantap bapak polisi ini sangat tegas, malak nya juga tegas, luarbiasa kinerja nya sangat patut diapresiasi 👍🏼",1707545779391639827,,Pai_C1,in,,0,0,0,https://x.com/Yoedhst_/status/1707545779391639827,1214229244290584578,Yoedhst_